idioma,traduccion
Go.,Ve.
Go.,Vete.
Go.,Vaya.
Go.,Váyase.
Hi.,Hola.
Run!,¡Corre!
Run.,Corred.
Who?,¿Quién?
Fire!,¡Fuego!
Fire!,¡Incendio!
Fire!,¡Disparad!
Help!,¡Ayuda!
Help!,¡Socorro! ¡Auxilio!
Help!,¡Auxilio!
Jump!,¡Salta!
Jump.,Salte.
Stop!,¡Parad!
Stop!,¡Para!
Stop!,¡Pare!
Wait!,¡Espera!
Wait.,Esperen.
Go on.,Continúa.
Go on.,Continúe.
Hello!,Hola.
I ran.,Corrí.
I ran.,Corría.
I try.,Lo intento.
I won!,¡He ganado!
Oh no!,"¡Oh, no!"
Relax.,Tomátelo con soda.
Smile.,Sonríe.
Attack!,¡Al ataque!
Attack!,¡Atacad!
Get up.,Levanta.
Go now.,Ve ahora mismo.
Got it!,¡Lo tengo!
Got it?,¿Lo pillas?
Got it?,¿Entendiste?
He ran.,Él corrió.
Hop in.,Métete adentro.
Hug me.,Abrázame.
I fell.,Me caí.
I know.,Yo lo sé.
I left.,Salí.
I lied.,Mentí.
I lost.,Perdí.
I quit.,Dimito.
I quit.,Renuncié.
I work.,Estoy trabajando.
I'm 19.,Tengo diecinueve.
I'm up.,Estoy levantado.
Listen.,Escucha.
Listen.,Escuche.
Listen.,Escuchen.
No way!,¡No puede ser!
No way!,De ninguna manera.
No way!,¡De ninguna manera!
No way!,¡Imposible!
No way!,¡De ningún modo!
No way!,¡De eso nada!
No way!,¡Ni cagando!
No way!,¡Mangos!
No way!,¡Minga!
No way!,¡Ni en pedo!
Really?,¿En serio?
Really?,¿La verdad?
Thanks.,¡Gracias!
Thanks.,Gracias.
Try it.,Pruébalo.
We try.,Lo procuramos.
We won.,Ganamos.
Why me?,¿Por qué yo?
Ask Tom.,Pregúntale a Tom.
Awesome!,¡Órale!
Be calm.,Mantente en calma.
Be cool.,Estate tranquilo.
Be fair.,Sé justo.
Be kind.,Sean gentiles.
Be nice.,Sé agradable.
Beat it.,Pírate.
Call me.,Llamame.
Call me.,Llamadme.
Call me.,Llámame.
Call us.,Llámanos.
Come in.,Entre.
Come in.,Pase.
Come in.,¡Entren!
Come on!,¡Órale!
Come on.,Ándale.
Come on.,¡Órale!
Drop it!,Suéltalo.
Get Tom.,Agarra a Tom.
Get out!,Bájate.
Get out.,Salte.
Get out.,Sal.
Get out.,Salí.
Get out.,Salid.
Get out.,Salgan.
Go away!,¡Vete de aquí!
Go away!,¡Lárgate!
Go away!,¡Salga de aquí!
Go away!,¡Largo!
Go away!,¡Vete ya!
Go away!,¡Órale!
Go away!,¡A la calle!
Go away.,¡Vete de aquí!
Go away.,¡Lárgate!
Go away.,¡Largo!
Go away.,¡Vete ya!
Go away.,¡Órale!
Go away.,Lárguese.
Go away.,Váyase.
Go home.,Vete a casa.
Go slow.,Vaya despacio.
Goodbye!,¡Hasta luego!
Goodbye!,Hasta la vista.
Goodbye!,¡Chau!
Hang on!,¡Espera!
Hang on!,¡Espera un momento!
Hang on!,¡Un segundo!
Hang on.,Agarra fuertemente.
He came.,Él vino.
He quit.,Él renunció.
Help me!,Ayúdame.
Help me.,Ayúdame.
Help me.,Échame una mano.
Help me.,Ayudame.
Help us.,Ayúdanos.
Hit Tom.,Golpea a Tom.
Hold it!,Espera.
Hold on.,Resista.
Hold on.,Resiste.
Hold on.,Agarra fuertemente.
Hug Tom.,Abraza a Tom.
I agree.,Estoy de acuerdo.
I agree.,De acuerdo.
I bowed.,Me incliné.
I moved.,Me he mudado.
I moved.,Me mudé.
I moved.,Me trasladé.
I moved.,Me he trasladado.
I slept.,Dormí.
I tried.,Lo intenté.
I'll go.,Iré.
I'm Tom.,Soy Tom.
I'm fat.,Estoy gordo.
I'm fat.,Soy gorda.
I'm fit.,Estoy en forma.
I'm hit!,Estoy afectado.
I'm old.,Soy viejo.
I'm shy.,Soy tímido.
I'm wet.,Estoy mojada.
It's OK.,Está bien.
It's me!,Soy yo.
It's me.,Soy yo.
Join us.,Únete a nosotros.
Join us.,Sé parte nuestra.
Keep it.,Guárdalo.
"Me, too.","Yo, también."
Open up.,Abre.
Perfect!,¡Perfecto!
See you.,Nos vemos.
Show me.,Muéstramelo.
Show me.,Enséñamelo.
Show me.,Mostrame.
Shut up!,¡Cierra la boca!
Shut up!,¡Cerrá el pico!
Skip it.,Sáltatelo.
So long.,Hasta la vista.
So long.,Hasta luego.
Stop it.,Páralo.
Stop it.,Deténlo.
Take it.,Cógelo.
Tell me.,Decime.
Tom ate.,Tom comió.
Tom ran.,Tom corrió.
Tom won.,Tom ganó.
Wait up.,Espérame despierto.
Wake up!,¡Despierta!
Wake up!,¡Despiértate!
Wake up!,¡Despertate!
Wake up.,Despierta.
Wash up.,Lávate las manos.
We care.,Nos preocupamos.
We know.,Lo sabemos.
We lost.,Perdimos.
Welcome.,Bienvenidos.
Welcome.,Bienvenidas.
Who ate?,¿Quién comió?
Who ran?,¿Quién corría?
Who ran?,¿Quién corrió?
Who won?,¿Quién ganó?
Who won?,¿Quién ha ganado?
Why not?,¿Por qué no?
You run.,Corre.
You won.,Has ganado.
Am I fat?,¿Estoy gordo?
Ask them.,Preguntales.
Ask them.,Pregúntales.
Back off!,Aparta.
Back off.,Apártate.
Be a man.,Sé un hombre.
Be brave.,Sé fuerte.
Be brief.,Sé breve.
Be brief.,Sea breve.
Be brief.,Sean breves.
Be quiet.,Estate quieto.
Be still.,No te muevas.
Call Tom.,¡Llamalo a Tomás!
Call Tom.,¡Llámalo a Tomás!
Call Tom.,¡Llámenlo a Tomás!
Cheer up!,Anímate.
Cheer up.,Venga.
Cool off!,¡Cálmate!
Cuff him.,Espósale.
Don't go.,No te vayas.
Drive on.,Continúa.
Find Tom.,Encontralo a Tomás.
Find Tom.,Encuéntralo a Tomás.
Find Tom.,Encuéntrelo a Tomás.
Find Tom.,Encuéntrenlo a Tomás.
Find Tom.,Encuentre a Tom.
Find Tom.,Encuentren a Tom.
Fix this.,Arregla esto.
Get away!,¡Vete de aquí!
Get away!,¡Lárgate!
Get away!,¡Largo!
Get away!,¡Vete ya!
Get down!,Ponte a ello.
Get down.,Abajo.
Get down.,Túmbate.
Get lost!,¡Piérdete!
Get lost!,¡Vete de aquí!
Get lost!,¡Lárgate!
Get lost!,¡Largo!
Get lost!,¡Vete ya!
Get lost.,Esfúmate.
Get real!,¡Despierta!
Get real!,¡Piénsalo bien!
Get real.,Abre los ojos.
Go ahead!,Adelante.
Go ahead.,Adelante.
Go on in.,Entre.
Go on in.,Entra.
Go on in.,Entren.
Go on in.,Entrá.
Go on in.,Entrad.
Good job!,¡Buen trabajo!
Grab Tom.,Sujeta a Tom.
Grab him.,Agárralo.
Have fun.,Diviértanse.
Have fun.,Pásala bien.
Have fun.,Pásenla bien.
He spoke.,Él habló.
He tries.,Él lo intenta.
He tries.,Él prueba.
Help Tom.,Ayuda a Tom.
Help him.,Ayúdalo.
"Hi, guys.","Hola, ¿qué hay?"
"Hi, guys.","Ey, chavales."
"Hi, guys.","¿Qué pasa, troncos?"
"Hi, guys.",Buenas.
"Hi, guys.",¿Qué tal os va?
"Hi, guys.",Hola por aquí.
How cute!,¡Qué encanto!
How deep?,¿Qué tan profundo?
How deep?,¿Cómo de profundo?
Humor me.,Hazme el favor.
Humor me.,Compláceme.
Hurry up.,¡Date prisa!
Hurry up.,Apresúrate.
I agreed.,Convine.
I agreed.,Acepté.
I agreed.,Accedí.
I am fat.,Soy gorda.
I am old.,Estoy viejo.
I ate it.,Me lo comí.
I ate it.,Me la comí.
I can go.,Puedo ir.
I did OK.,Lo hice bien.
I did it.,Lo hice.
I failed.,Fracasé.
I forgot.,Lo olvidé.
I get by.,Me las arreglo.
I get it.,Lo entiendo.
I got it.,Lo tengo.
I phoned.,Llamé por teléfono.
I refuse.,Me niego.
I resign.,Dimito.
I resign.,Renuncio.
I saw it.,Lo vi.
I smiled.,Sonreí.
I stayed.,Me quedé.
I talked.,Hablé.
I talked.,Hablaba.
I talked.,Charlé.
I talked.,Charlaba.
I use it.,Yo lo uso.
I waited.,Esperé.
I'll pay.,Yo pagaré.
I'm back.,He vuelto.
I'm back.,Estoy de vuelta.
I'm bald.,Soy calvo.
I'm bald.,Estoy calvo.
I'm calm.,Estoy calmado.
I'm cool.,Estoy tranquilo.
I'm done.,He terminado.
I'm easy.,Soy bastante facilón.
I'm fair.,Soy justo.
I'm fine.,Estoy perfectamente.
I'm free!,¡Soy libre!
I'm free.,Yo soy libre.
I'm full.,Estoy lleno.
I'm full.,Estoy llena.
I'm full.,Ya me llené.
I'm here.,Estoy aquí.
I'm home.,Estoy en casa.
I'm hurt.,Estoy herido.
I'm late.,Llego tarde.
I'm lazy.,Soy vago.
I'm lost.,Estoy perdida.
I'm mean.,Soy malo.
I'm next.,Me toca a mí.
I'm okay.,Estoy perfectamente.
I'm poor.,Soy pobre.
I'm rich.,Soy rica.
I'm rich.,Soy rico.
I'm safe.,Estoy a salvo.
I'm sick.,Estoy enferma.
I'm thin.,Soy delgado.
I'm tidy.,Estoy limpio.
I'm warm.,Estoy calentito.
I'm weak.,Estoy débil.
I'm wise.,Soy listo.
I've won.,Gané.
It helps.,Eso ayuda.
It hurts.,Duele.
It works.,Funciona.
It's Tom.,Es Tom.
It's fun.,Es divertido.
It's his.,Es suyo.
It's new.,Es nuevo.
It's odd.,Es extraño.
It's old.,Es viejo.
It's red.,Es rojo.
It's sad.,Es triste.
Keep out!,Prohibido pasar.
Keep out.,No entrar.
Kiss Tom.,Besá a Tomás.
Kiss Tom.,Besa a Tomás.
Kiss Tom.,Besen a Tomás.
Leave it.,Déjalo.
Leave me.,Déjame.
Leave us.,Déjanos.
Let's go!,Vamos.
Let's go!,¡Órale!
Look out!,Cuidado.
Marry me.,Cásate conmigo.
May I go?,¿Puedo ir?
Save Tom.,Salva a Tom.
She came.,Ella vino.
She died.,Ella murió.
She runs.,Ella corre.
Sit down!,¡Sentate!
Sit down.,Siéntate.
Sit here.,Siéntate aquí.
Speak up!,¡Hable más fuerte!
Speak up!,Habla más fuerte.
Speak up!,¡Habla más alto!
Stand by.,Prepárate.
Stand by.,Un momento.
Stand up!,¡Parate!
Stand up!,¡De pie!
Stay put.,No te muevas.
Stop Tom.,Detén a Tom.
Take Tom.,Llévate a Tom.
Tell Tom.,Díselo a Tom.
Terrific!,¡Genial!
Terrific!,¡Órale!
They won.,Ellos ganaron.
Tom came.,Tom vino.
Tom died.,Tom ha muerto.
Tom fell.,Tom se cayó.
Tom knew.,Tom lo sabía.
Tom knew.,Tom tenía constancia de ello.
Tom left.,Tom se fue.
Tom lied.,Tom mintió.
Tom lies.,Tomás miente.
Tom lost.,Tom perdió.
Tom paid.,Tom pagó.
Tom quit.,Tom renunció.
Tom swam.,Tom nadó.
Tom wept.,Tom lloró.
Tom's up.,Tom se ha levantado.
Too late.,Demasiado tarde.
Trust me.,Confía en mí.
Try hard.,Inténtalo de veras.
Try some.,Prueba un poco.
Try some.,Pruebe un poco.
Try some.,Prueben un poco.
Try this.,Prueben esto.
Try this.,Probá esto.
Try this.,Prueba esto.
Use this.,Usa esto.
Warn Tom.,Avísale a Tom.
Warn Tom.,Avísele a Tom.
Warn Tom.,Avísenle a Tom.
Warn Tom.,Avisale a Tom.
Watch me.,Mírame.
Watch me.,Vigílame.
Watch me.,Obsérvame.
Watch us.,Obsérvalos.
Watch us.,Obsérvanos.
We agree.,Estamos de acuerdo.
We tried.,Lo intentamos.
We'll go.,Iremos.
We're OK.,Estamos bien.
What for?,¿Para qué?
What fun!,¡Qué divertido!
Who am I?,¿Quién soy yo?
Who came?,¿Quién vino?
Who died?,¿Quién murió?
Who fell?,¿Quién se calló?
Who fell?,¿Quién se cayó?
Who quit?,¿Quién se ha ido?
Who quit?,¿Quién lo ha dejado?
Who swam?,¿Quién nadó?
Who's he?,¿Quién es él?
Write me.,Escríbeme.
After you.,Después de ti.
After you.,Tú primero.
After you.,Usted primero.
After you.,Después de usted.
After you.,Después de vosotras.
Aim. Fire!,Apunta. ¡Fuego!
Answer me.,Respóndeme.
Answer me.,Respondedme.
Answer me.,Respóndanme.
Birds fly.,Los pájaros vuelan.
Bless you.,Jesús.
Call home!,¡Llama a casa!
Calm down.,Cálmate.
Calm down.,Tranquilízate.
Calm down.,Tomátelo con soda.
Calm down.,Bajá un cambio.
Can we go?,¿Podemos ir?
Can we go?,¿Podemos irnos?
Can we go?,¿Podemos marcharnos?
Catch Tom.,¡Atrápelo a Tomás!
Catch him.,Captúralo.
Catch him.,Captúrenlo.
Catch him.,Atrápenlo.
Catch him.,Atrápalo.
Come back.,Vuelve.
Come here.,Vení.
Come here.,Ven.
Come here.,Venid aquí.
Come home.,Ven a casa.
Come over.,Venid aquí.
Come over.,Vente.
Come over.,Veníos.
Come over.,Venga aquí.
Come soon.,Vuelve pronto.
Do it now.,Hazlo ahora.
Dogs bark.,Los perros ladran.
Don't ask.,No preguntes.
Don't cry.,No llores.
Don't cry.,¡No llorés!
Don't cry.,¡No llores!
Don't cry.,No lloren.
Don't lie.,No mintáis.
Don't run.,No corras.
Fantastic!,¡Fantástico!
Fantastic!,¡Es estupendo!
Fantastic!,¡Órale!
Feel this.,Tienta esto.
Feel this.,Tiente esto.
Feel this.,Tienten esto.
Feel this.,Tentad esto.
Feel this.,Tentá esto.
Follow me.,Sígueme.
Follow me.,Seguidme.
Follow us.,Síguenos.
Forget it.,Déjalo.
Forget me.,Olvídame.
Forget me.,Olvídate de mí.
Forget me.,Olvídenme.
Forget me.,Olvídense de mí.
Get ready.,Preparaos.
Go for it.,Ve a por ello.
Go for it.,Ve a cogerlo.
Go get it.,Ve a por ello.
Go get it.,Vete a por ello.
Go get it.,Id a por ello.
Go inside.,Entra.
Go to bed.,Vete a la cama.
Grab that.,Cógelo.
Grab this.,Agarra esto.
Have some.,Coge alguno.
Have some.,Toma algo.
Have some.,Tome alguno.
He is old.,Él es viejo.
He is old.,Él es anciano.
He shaved.,Él se afeitó.
He smiled.,Sonrió.
He's a DJ.,Él es DJ.
He's fast.,Él es veloz.
He's good.,Él es bueno.
He's rich.,Él es rico.
He's rich.,Es rico.
Here I am.,Acá estoy.
Hold this.,Sostén esto.
How awful!,¡Qué horror!
How weird!,¡Qué raro!
How's Tom?,¿Cómo está Tom?
Humor Tom.,Divierte a Tom.
I am busy.,Estoy ocupada.
I am full.,Estoy lleno.
I am full.,Estoy llena.
I am good.,Soy bueno.
I am here.,Estoy aquí.
I am sick.,Estoy enferma.
I am weak.,Estoy débil.
I beg you.,Te lo ruego.
I beg you.,Te lo suplico.
I can fly.,Puedo volar.
I can run.,Puedo correr.
I can run.,Sé correr.
I can ski.,Sé esquiar.
I cringed.,Sentí vergüenza.
I fainted.,Perdí la consciencia.
I fainted.,Quedé inconsciente.
I gave up.,Lo dejé.
I gave up.,Me rendí.
I gave up.,Tiré la toalla.
I gave up.,Cedí.
I get you.,Te entiendo.
I get you.,Te pillo.
I get you.,Ya te pillo.
I got hit.,Me dieron.
I got hit.,Me alcanzaron.
I hate it.,Lo odio.
I hate it.,Me la seca.
I hate it.,Me la baja.
I hit Tom.,Golpeo a Tom.
I hope so.,Eso espero.
I knew it.,Lo sabía.
I laughed.,Me reí.
I like it.,Me gusta.
I love it!,¡Lo adoro!
I love it.,Me encanta.
I mean it!,Hablo en serio.
I mean it.,Lo digo en serio.
I mean it.,Hablo en serio.
I miss it.,Lo echo en falta.
I miss it.,Lo echo de menos.
I miss it.,Lo añoro.
I need it.,Lo necesito.
I saw Tom.,Vi a Tom.
I saw him.,Le vi.
I saw him.,Lo vi.
I saw one.,Vi uno.
I saw one.,Vi a uno.
I saw one.,Veía a uno.
I saw you.,Te vi.
I saw you.,Te he visto.
I see Tom.,Veo a Tom.
I tripped.,Me tropecé.
I'll cook.,Yo cocinaré.
I'll cook.,Yo guisaré.
I'll live.,Viviré.
I'll sing.,Cantaré.
I'll stop.,Pararé.
I'll stop.,Lo dejaré.
I'll wait.,Esperaré.
I'll wait.,Aguardaré.
I'll walk.,Caminaré.
I'll walk.,Andaré.
I'll work.,Voy a trabajar.
I'm a man.,Soy un hombre.
I'm a pro.,Soy un pro.
I'm alone.,Estoy solo.
I'm alone.,Estoy sola.
I'm alone.,Yo estoy solo.
I'm alone.,Yo estoy sola.
I'm angry.,Estoy enojado.
I'm angry.,Estoy enojada.
I'm awake.,Estoy despierto.
I'm blind.,Soy ciega.
I'm broke.,Estoy sin dinero.
I'm broke.,Estoy quebrado.
I'm broke.,Estoy sin blanca.
I'm broke.,No tengo blanca.
I'm crazy.,Estoy loco.
I'm drunk.,Estoy borracho.
I'm drunk.,Estoy tomada.
I'm drunk.,Estoy prendida.
I'm dying.,Me estoy muriendo.
I'm first.,Soy el primero.
I'm first.,Voy el primero.
I'm first.,Me toca primero.
I'm first.,Yo voy primero.
I'm happy.,Soy feliz.
I'm happy.,Estoy feliz.
I'm loved.,Soy amado.
I'm loved.,Soy amada.
I'm obese.,Soy obeso.
I'm ready.,Estoy listo.
I'm sorry.,Lo siento.
I'm tired.,Yo estoy cansado.
I'm tired.,Yo estoy cansada.
I'm yours.,Soy tuyo.
I'm yours.,Soy tuya.
I'm yours.,Soy suyo.
I've lost.,He perdido.
Ignore it.,Ólvidalo.
Ignore it.,No hagas caso.
Is Tom OK?,¿Está bien Tom?
Is Tom in?,¿Está Tom?
Is it bad?,¿Es grave?
Is it bad?,¿Es malo?
Is it far?,¿Está lejos?
Is it you?,¿Eres tú?
It burned.,Se quemó.
It failed.,No lo consiguió.
It failed.,Falló.
It failed.,Fracasó.
It is new.,Es nuevo.
It rained.,Llovió.
It snowed.,Nevó.
It stinks.,Apesta.
It worked.,Funcionó.
It's 3:10.,Son las tres y diez.
It's 8:30.,Son las 8:30.
It's a TV.,Es un televisor.
It's cold.,Hace frío.
It's cold.,Está frío.
It's cool.,Está frío.
It's cool.,Está fresco.
It's dark.,Está oscuro.
It's done!,¡Está listo!
It's fine.,Está perfecto.
It's good.,Está bien.
It's good.,Es bueno.
It's here.,Está aquí.
It's hers.,Es de ella.
It's late.,Es tarde.
It's mine.,Es mío.
It's mine.,Es mía.
It's nice.,Es agradable.
It's nice.,Hace buen tiempo.
It's okay.,Vale.
It's okay.,Está bien.
It's ours.,Es nuestro.
It's ours.,Es la nuestra.
It's over.,Se terminó.
It's over.,Se acabó.
It's time.,Ha llegado el momento.
It's time.,Es la hora.
It's time.,Es el momento.
It's time.,Ha llegado la hora.
It's true!,¡Es verdad!
It's true.,Es verdad.
It's work.,Es mi trabajo.
Keep them.,Guárdalos.
Keep them.,Quédatelos.
Keep them.,Guárdenselos.
Keep this.,Guarda esto.
Keep this.,Guarde esto.
Keep this.,Guardá esto.
Keep this.,Guardad esto.
Keep this.,Guarden esto.
Keep warm.,Mantente caliente.
Keep warm.,Manténgase caliente.
Keep warm.,Mantenete caliente.
Keep warm.,Mantenete abrigado.
Keep warm.,Mantente abrigado.
Keep warm.,Manténgase abrigado.
Keep warm.,Manténganse calientes.
Keep warm.,Manténganse abrigados.
Leave Tom.,Dejalo a Tomás.
Leave Tom.,Déjalo a Tomás.
Leave Tom.,Déjelo a Tomás.
Leave now.,Ahora márchate.
Leave now.,Ahora vete.
Leave now.,Ahora lárgate.
Let me go!,¡Déjame marchar!
Let me go!,¡Suéltame!
Let me go!,¡Déjeme ir!
Let me go.,¡Déjeme ir!
Let me in.,Déjame entrar.
Let me in.,Déjeme entrar.
Let us in.,Déjanos entrar.
Let's eat.,Comamos.
Let's see.,Veamos.
Let's try!,¡Intentémoslo!
Lie still.,Túmbate en silencio.
Lie still.,Mantente quieto en el suelo.
Listen up.,Escuchá.
Look away.,Mirá para otro lado.
Look away.,Mira para otro lado.
Look away.,Mire para otro lado.
Look away.,Miren para otro lado.
Look back!,¡Mira hacia atrás!
Look back.,Mira atrás.
Look back.,Mire atrás.
Look back.,Mirad atrás.
Look here.,Mira aquí.
Look here.,Mirad aquí.
Look here.,Miren aquí.
Loosen it.,Aflójalo.
Loosen it.,Suéltalo.
Loosen it.,Suéltala.
Loosen it.,Aflójala.
Move over.,Hazte a un lado.
Move over.,Deja sitio.
Move over.,Mueve el culo.
Move over.,Deja pasar.
Nice shot!,¡Buen tiro!
Of course!,¡Por supuesto!
Open fire!,¡Disparad!
Open fire!,¡Fuego a discreción!
Pardon me?,¿Perdona?
Please go.,"Por favor, ve."
Please go.,"Por favor, vete."
Please go.,"Por favor, márchate."
Please go.,"Por favor, váyase."
Put it on.,Póntelo.
Put it on.,Póngaselo.
Read this.,Lee esto.
Read this.,Lea esto.
Read this.,Lean esto.
Read this.,Leed esto.
Say hello.,Decí hola.
Search me.,A mí que me registren.
See above.,Véase arriba.
See above.,Véase más arriba.
Seize him!,¡A por él!
Seize him!,¡Cogedlo!
Seize him!,¡Arrestadlo!
Seize him!,¡Prendedlo!
Seize him!,¡Capturadlo!
Seriously?,¿En serio?
She tried.,Ella lo intentó.
She tried.,Ella lo probó.
She walks.,Ella anda.
She walks.,Ella camina.
She walks.,Anda.
She's hot.,Ella es candente.
She's hot.,Está como un tren.
She's hot.,Está de toma pan y moja.
She's hot.,Está buena.
She's hot.,Está que cruje.
Sign here.,Firme aquí.
Sign this.,Firma esto.
Sign this.,Firme esto.
Sign this.,Firmen esto.
Sign this.,Firmá esto.
Sign this.,Firmad esto.
Sit still.,Siéntate y no te muevas.
Sit still.,Siéntate y quédate quieto.
Sit there.,Sentate ahí.
Sit tight.,Tú mantente.
Slow down.,Quieto.
Slow down.,Más despacio.
Stay away.,Fuera.
Stay away.,Aléjate.
Stay calm.,Mantén la calma.
Stay calm.,Mantené la calma.
Stay here.,Quedate acá.
Step back.,Da un paso atrás.
Stop here.,Para aquí.
Stop here.,Párate aquí.
Stop here.,Detente aquí.
Stop here.,Deténgase aquí.
Stop here.,Deténganse aquí.
Stop here.,Paraos aquí.
Stop here.,Parad aquí.
Stop that.,Para eso.
Stop them.,Deténlos.
Stop them.,Párales.
Take care!,¡Cuidate!
Take care!,¡Te cuidas!
Take care.,Cuídate.
Take care.,Cuidaos.
Take mine.,Coge el mío.
Take mine.,Toma el mío.
Take over.,Asume el mando.
Take over.,Toma el control.
Take over.,Encárgate tú.
Take this.,Toma esto.
Take this.,Tome esto.
Take this.,Tomen esto.
Take this.,Tomá esto.
Thank you.,¡Gracias!
Thank you.,Gracias a ti.
Thank you.,Gracias.
That's it.,Eso es.
That's me.,Soy yo.
That's me.,Ese soy yo.
Then what?,¿Entonces qué?
They fell.,Cayeron.
They left.,Se fueron.
They left.,Se marcharon.
They left.,Se iban.
They lost.,Perdieron.
Tom bowed.,Tom se inclinó.
Tom cared.,Tom se preocupó.
Tom cared.,Tom se preocupaba.
Tom cared.,A Tom le importaba.
Tom cares.,Tom se preocupa.
Tom cares.,A Tom le importa.
Tom cried.,Tom lloró.
Tom dozed.,Tom dormitó.
Tom drove.,Tomás condujo.
Tom is OK.,Tom está bien.
Tom is in.,Tom está dentro.
Tom is up.,Tom está levantado.
Tom knits.,Tom teje.
Tom knows.,Tom sabe.
Tom moved.,Tom se mudó.
Tom moved.,Tom se movió.
Tom rocks.,Tom se mece.
Tom stood.,Tom se quedó.
Tom swims.,Tom nada.
Tom swore.,Tom juró.
Tom tried.,Tomás lo intentó.
Tom tries.,Tomás lo intenta.
Tom voted.,Tomás votó.
Tom walks.,Tom camina.
Tom waved.,Tom saludó.
Tom works.,Tomás trabaja.
Tom'll go.,Tom irá.
Tom's fat.,Tom está gordo.
Tom's mad.,Tom está loco.
Tom's sad.,Tom está triste.
Tom's shy.,Tom es tímido.
Trust Tom.,Confía en Tom.
Try again.,Inténtalo de nuevo.
Try again.,Intentadlo otra vez.
Try again.,Intenta otra vez.
Try it on.,Pruébatelo.
Wait here.,Espera aquí.
Wait here.,Aguarda aquí.
Wait here.,Esperen aquí.
Wait here.,Esperad aquí.
Watch Tom.,Vigila a Tom.
Watch out!,¡Abusado!
We can go.,Podemos ir.
We can go.,Podemos irnos.
We can go.,Nos podemos marchar.
We failed.,Fallamos.
We failed.,Hemos fallado.
We forgot.,Nos olvidamos.
We saw it.,Lo vimos.
We saw it.,Lo veíamos.
We talked.,Conversamos.
We waited.,Nosotros esperamos.
We'll see.,Después veremos.
We'll see.,Ya veremos.
We'll try.,Lo intentaremos.
We've won!,¡Hemos ganado!
What's up?,¿Qué hay?
Who cares?,¿A quién le importa?
Who is he?,¿Quién es él?
Who is it?,¿Quién es?
Who knows?,Aabe...
Who stood?,¿Quién se quedó?
Who'll go?,¿Quién irá?
Who's Tom?,¿Quién es Tom?
Write Tom.,Escribe a Tom.
You drive.,Tú maneja.
You start.,Tú empieza.
You tried.,Lo intentaste.
You're OK.,Tú estás perfectamente.
You're OK.,Estás perfectamente.
Aim higher.,Más alto.
Aim higher.,Apuntad más alto.
All aboard!,¡Todos a bordo!
Am I right?,¿Tengo razón?
Am I wrong?,¿Me equivoco?
Am I wrong?,¿Estoy equivocada?
Answer Tom.,¡Respóndale a Tomás!
Answer Tom.,¡Respondele a Tomás!
Answer Tom.,¡Respóndanle a Tomás!
Are you 18?,¿Tienes dieciocho?
Are you 18?,¿Has cumplido dieciocho?
Are you OK?,¿Estás bien?
Are you in?,¿Te apuntas?
Are you in?,¿Estás dentro?
Are you up?,¿Estás levantado?
Ask anyone.,Pregúntale a cualquiera.
Ask anyone.,Preguntadle a cualquiera.
Ask anyone.,Pregúntele a cualquiera.
Ask anyone.,Pregúntenle a cualquiera.
Ask around.,Pregunta por aquí.
Ask around.,Pregunta en los alrededores.
Be careful.,¡Ten cuidado!
Be careful.,¡Sé cuidadoso!
Be content.,Estate contento.
Be on time.,Llega a tiempo.
Be on time.,Llegue a tiempo.
Be patient.,Sea paciente.
Be serious.,Sé serio.
Birds sing.,Los pájaros cantan.
Birds sing.,Los pájaros están cantando.
Bring food.,Traed comida.
Bring help.,Traed ayuda.
Bring wine.,Trae vino.
Can I come?,¿Puedo ir?
Can I come?,¿Puedo venir?
Can I come?,¿Puedo acercarme?
Can I help?,¿Puedo ayudar?
Can I stay?,¿Me puedo quedar?
Carry this.,Lleva esto.
Check that.,Comprobad eso.
Check this.,Comprueba esto.
Choose one.,Escoge uno.
Come again.,Vuelve otra vez.
Come alone.,Ven solo.
Come along.,Vente.
Come along.,Vénganse.
Come early.,Vení temprano.
Come early.,Ven temprano.
Come early.,Vengan temprano.
Come early.,Venga temprano.
Come on in!,¡Pásale!
Come on in!,¡Pásele!
Come on in!,¡Pásenle!
Come on in.,Entre.
Come on in.,Pase.
Come quick!,¡Ven rápido!
Come quick!,¡Vení rápido!
Come to me.,Ven a mí.
Come to me.,Venid a mí.
Come to us.,Ven a nosotros.
Come to us.,Venid a nosotros.
Cut it out!,¡Ya párale!
Did Tom go?,¿Fue Tom?
Do come in!,¡Pásale!
Do come in!,¡Pásele!
Do come in!,¡Pásenle!
Do come in.,Pasa adentro.
Do come in.,Entra de una vez.
Do come in.,Entra ya.
Do come in.,Métete dentro.
Do men cry?,¿Los hombres lloran?
Don't come.,No vengas.
Don't jump!,¡No saltéis!
Don't look.,No miréis.
Don't move!,¡No os mováis!
Don't move.,No te muevas.
Don't move.,No se mueva.
Don't move.,No se muevan.
Don't sing.,No cantes.
Don't sing.,No canten.
Don't stop.,No pares.
Don't talk!,¡No hables!
Don't talk.,No hables.
Don't wait.,¡No esperes!
Don't wait.,¡No esperen!
Don't wait.,No esperes.
Don't yell.,No grites.
Eat slowly.,Come despacio.
Eat slowly.,¡Comé despacio!
Fire burns.,El fuego quema.
Follow Tom.,Seguilo a Tomás.
Follow Tom.,Síguelo a Tomás.
Follow Tom.,Sígalo a Tomás.
Follow Tom.,Síganlo a Tomás.
Follow him.,Síguele.
Follow him.,Síguelo.
Forget Tom.,Olvidate de Tomás.
Forget Tom.,Olvídate de Tomás.
Forget Tom.,Olvídese de Tomás.
Forget him.,Olvídenlo.
Forgive us.,Perdónanos.
Forgive us.,Perdónenos.
Get a life.,Consíguete una vida.
Get inside.,Entra.
Get to bed.,Vete a la cama.
Give it up.,Déjalo.
Go on home.,Vete a casa.
Go on home.,Váyase a casa.
Go see Tom.,Ve a ver a Tom.
Go to work.,Andá a trabajar.
God exists.,Dios existe.
Have faith.,Ten fe.
Have faith.,Tened fe.
Have faith.,Tengan fe.
Have faith.,Confíen.
He ate out.,Él salió a comer.
He coughed.,Tosió.
He gave in.,Él se rindió.
He gave up.,Se rindió.
He gave up.,Lo dejó.
He gave up.,Cedió.
He gave up.,Tiró la toalla.
He hung up.,Descolgó.
He hung up.,Él cogió el teléfono.
Ve.,Go.
Vete.,Go.
Vaya.,Go.
Váyase.,Go.
Hola.,Hi.
¡Corre!,Run!
Corred.,Run.
¿Quién?,Who?
¡Fuego!,Fire!
¡Incendio!,Fire!
¡Disparad!,Fire!
¡Ayuda!,Help!
¡Socorro! ¡Auxilio!,Help!
¡Auxilio!,Help!
¡Salta!,Jump!
Salte.,Jump.
¡Parad!,Stop!
¡Para!,Stop!
¡Pare!,Stop!
¡Espera!,Wait!
Esperen.,Wait.
Continúa.,Go on.
Continúe.,Go on.
Hola.,Hello!
Corrí.,I ran.
Corría.,I ran.
Lo intento.,I try.
¡He ganado!,I won!
"¡Oh, no!",Oh no!
Tomátelo con soda.,Relax.
Sonríe.,Smile.
¡Al ataque!,Attack!
¡Atacad!,Attack!
Levanta.,Get up.
Ve ahora mismo.,Go now.
¡Lo tengo!,Got it!
¿Lo pillas?,Got it?
¿Entendiste?,Got it?
Él corrió.,He ran.
Métete adentro.,Hop in.
Abrázame.,Hug me.
Me caí.,I fell.
Yo lo sé.,I know.
Salí.,I left.
Mentí.,I lied.
Perdí.,I lost.
Dimito.,I quit.
Renuncié.,I quit.
Estoy trabajando.,I work.
Tengo diecinueve.,I'm 19.
Estoy levantado.,I'm up.
Escucha.,Listen.
Escuche.,Listen.
Escuchen.,Listen.
¡No puede ser!,No way!
De ninguna manera.,No way!
¡De ninguna manera!,No way!
¡Imposible!,No way!
¡De ningún modo!,No way!
¡De eso nada!,No way!
¡Ni cagando!,No way!
¡Mangos!,No way!
¡Minga!,No way!
¡Ni en pedo!,No way!
¿En serio?,Really?
¿La verdad?,Really?
¡Gracias!,Thanks.
Gracias.,Thanks.
Pruébalo.,Try it.
Lo procuramos.,We try.
Ganamos.,We won.
¿Por qué yo?,Why me?
Pregúntale a Tom.,Ask Tom.
¡Órale!,Awesome!
Mantente en calma.,Be calm.
Estate tranquilo.,Be cool.
Sé justo.,Be fair.
Sean gentiles.,Be kind.
Sé agradable.,Be nice.
Pírate.,Beat it.
Llamame.,Call me.
Llamadme.,Call me.
Llámame.,Call me.
Llámanos.,Call us.
Entre.,Come in.
Pase.,Come in.
¡Entren!,Come in.
¡Órale!,Come on!
Ándale.,Come on.
¡Órale!,Come on.
Suéltalo.,Drop it!
Agarra a Tom.,Get Tom.
Bájate.,Get out!
Salte.,Get out.
Sal.,Get out.
Salí.,Get out.
Salid.,Get out.
Salgan.,Get out.
¡Vete de aquí!,Go away!
¡Lárgate!,Go away!
¡Salga de aquí!,Go away!
¡Largo!,Go away!
¡Vete ya!,Go away!
¡Órale!,Go away!
¡A la calle!,Go away!
¡Vete de aquí!,Go away.
¡Lárgate!,Go away.
¡Largo!,Go away.
¡Vete ya!,Go away.
¡Órale!,Go away.
Lárguese.,Go away.
Váyase.,Go away.
Vete a casa.,Go home.
Vaya despacio.,Go slow.
¡Hasta luego!,Goodbye!
Hasta la vista.,Goodbye!
¡Chau!,Goodbye!
¡Espera!,Hang on!
¡Espera un momento!,Hang on!
¡Un segundo!,Hang on!
Agarra fuertemente.,Hang on.
Él vino.,He came.
Él renunció.,He quit.
Ayúdame.,Help me!
Ayúdame.,Help me.
Échame una mano.,Help me.
Ayudame.,Help me.
Ayúdanos.,Help us.
Golpea a Tom.,Hit Tom.
Espera.,Hold it!
Resista.,Hold on.
Resiste.,Hold on.
Agarra fuertemente.,Hold on.
Abraza a Tom.,Hug Tom.
Estoy de acuerdo.,I agree.
De acuerdo.,I agree.
Me incliné.,I bowed.
Me he mudado.,I moved.
Me mudé.,I moved.
Me trasladé.,I moved.
Me he trasladado.,I moved.
Dormí.,I slept.
Lo intenté.,I tried.
Iré.,I'll go.
Soy Tom.,I'm Tom.
Estoy gordo.,I'm fat.
Soy gorda.,I'm fat.
Estoy en forma.,I'm fit.
Estoy afectado.,I'm hit!
Soy viejo.,I'm old.
Soy tímido.,I'm shy.
Estoy mojada.,I'm wet.
Está bien.,It's OK.
Soy yo.,It's me!
Soy yo.,It's me.
Únete a nosotros.,Join us.
Sé parte nuestra.,Join us.
Guárdalo.,Keep it.
"Yo, también.","Me, too."
Abre.,Open up.
¡Perfecto!,Perfect!
Nos vemos.,See you.
Muéstramelo.,Show me.
Enséñamelo.,Show me.
Mostrame.,Show me.
¡Cierra la boca!,Shut up!
¡Cerrá el pico!,Shut up!
Sáltatelo.,Skip it.
Hasta la vista.,So long.
Hasta luego.,So long.
Páralo.,Stop it.
Deténlo.,Stop it.
Cógelo.,Take it.
Decime.,Tell me.
Tom comió.,Tom ate.
Tom corrió.,Tom ran.
Tom ganó.,Tom won.
Espérame despierto.,Wait up.
¡Despierta!,Wake up!
¡Despiértate!,Wake up!
¡Despertate!,Wake up!
Despierta.,Wake up.
Lávate las manos.,Wash up.
Nos preocupamos.,We care.
Lo sabemos.,We know.
Perdimos.,We lost.
Bienvenidos.,Welcome.
Bienvenidas.,Welcome.
¿Quién comió?,Who ate?
¿Quién corría?,Who ran?
¿Quién corrió?,Who ran?
¿Quién ganó?,Who won?
¿Quién ha ganado?,Who won?
¿Por qué no?,Why not?
Corre.,You run.
Has ganado.,You won.
¿Estoy gordo?,Am I fat?
Preguntales.,Ask them.
Pregúntales.,Ask them.
Aparta.,Back off!
Apártate.,Back off.
Sé un hombre.,Be a man.
Sé fuerte.,Be brave.
Sé breve.,Be brief.
Sea breve.,Be brief.
Sean breves.,Be brief.
Estate quieto.,Be quiet.
No te muevas.,Be still.
¡Llamalo a Tomás!,Call Tom.
¡Llámalo a Tomás!,Call Tom.
¡Llámenlo a Tomás!,Call Tom.
Anímate.,Cheer up!
Venga.,Cheer up.
¡Cálmate!,Cool off!
Espósale.,Cuff him.
No te vayas.,Don't go.
Continúa.,Drive on.
Encontralo a Tomás.,Find Tom.
Encuéntralo a Tomás.,Find Tom.
Encuéntrelo a Tomás.,Find Tom.
Encuéntrenlo a Tomás.,Find Tom.
Encuentre a Tom.,Find Tom.
Encuentren a Tom.,Find Tom.
Arregla esto.,Fix this.
¡Vete de aquí!,Get away!
¡Lárgate!,Get away!
¡Largo!,Get away!
¡Vete ya!,Get away!
Ponte a ello.,Get down!
Abajo.,Get down.
Túmbate.,Get down.
¡Piérdete!,Get lost!
¡Vete de aquí!,Get lost!
¡Lárgate!,Get lost!
¡Largo!,Get lost!
¡Vete ya!,Get lost!
Esfúmate.,Get lost.
¡Despierta!,Get real!
¡Piénsalo bien!,Get real!
Abre los ojos.,Get real.
Adelante.,Go ahead!
Adelante.,Go ahead.
Entre.,Go on in.
Entra.,Go on in.
Entren.,Go on in.
Entrá.,Go on in.
Entrad.,Go on in.
¡Buen trabajo!,Good job!
Sujeta a Tom.,Grab Tom.
Agárralo.,Grab him.
Diviértanse.,Have fun.
Pásala bien.,Have fun.
Pásenla bien.,Have fun.
Él habló.,He spoke.
Él lo intenta.,He tries.
Él prueba.,He tries.
Ayuda a Tom.,Help Tom.
Ayúdalo.,Help him.
"Hola, ¿qué hay?","Hi, guys."
"Ey, chavales.","Hi, guys."
"¿Qué pasa, troncos?","Hi, guys."
Buenas.,"Hi, guys."
¿Qué tal os va?,"Hi, guys."
Hola por aquí.,"Hi, guys."
¡Qué encanto!,How cute!
¿Qué tan profundo?,How deep?
¿Cómo de profundo?,How deep?
Hazme el favor.,Humor me.
Compláceme.,Humor me.
¡Date prisa!,Hurry up.
Apresúrate.,Hurry up.
Convine.,I agreed.
Acepté.,I agreed.
Accedí.,I agreed.
Soy gorda.,I am fat.
Estoy viejo.,I am old.
Me lo comí.,I ate it.
Me la comí.,I ate it.
Puedo ir.,I can go.
Lo hice bien.,I did OK.
Lo hice.,I did it.
Fracasé.,I failed.
Lo olvidé.,I forgot.
Me las arreglo.,I get by.
Lo entiendo.,I get it.
Lo tengo.,I got it.
Llamé por teléfono.,I phoned.
Me niego.,I refuse.
Dimito.,I resign.
Renuncio.,I resign.
Lo vi.,I saw it.
Sonreí.,I smiled.
Me quedé.,I stayed.
Hablé.,I talked.
Hablaba.,I talked.
Charlé.,I talked.
Charlaba.,I talked.
Yo lo uso.,I use it.
Esperé.,I waited.
Yo pagaré.,I'll pay.
He vuelto.,I'm back.
Estoy de vuelta.,I'm back.
Soy calvo.,I'm bald.
Estoy calvo.,I'm bald.
Estoy calmado.,I'm calm.
Estoy tranquilo.,I'm cool.
He terminado.,I'm done.
Soy bastante facilón.,I'm easy.
Soy justo.,I'm fair.
Estoy perfectamente.,I'm fine.
¡Soy libre!,I'm free!
Yo soy libre.,I'm free.
Estoy lleno.,I'm full.
Estoy llena.,I'm full.
Ya me llené.,I'm full.
Estoy aquí.,I'm here.
Estoy en casa.,I'm home.
Estoy herido.,I'm hurt.
Llego tarde.,I'm late.
Soy vago.,I'm lazy.
Estoy perdida.,I'm lost.
Soy malo.,I'm mean.
Me toca a mí.,I'm next.
Estoy perfectamente.,I'm okay.
Soy pobre.,I'm poor.
Soy rica.,I'm rich.
Soy rico.,I'm rich.
Estoy a salvo.,I'm safe.
Estoy enferma.,I'm sick.
Soy delgado.,I'm thin.
Estoy limpio.,I'm tidy.
Estoy calentito.,I'm warm.
Estoy débil.,I'm weak.
Soy listo.,I'm wise.
Gané.,I've won.
Eso ayuda.,It helps.
Duele.,It hurts.
Funciona.,It works.
Es Tom.,It's Tom.
Es divertido.,It's fun.
Es suyo.,It's his.
Es nuevo.,It's new.
Es extraño.,It's odd.
Es viejo.,It's old.
Es rojo.,It's red.
Es triste.,It's sad.
Prohibido pasar.,Keep out!
No entrar.,Keep out.
Besá a Tomás.,Kiss Tom.
Besa a Tomás.,Kiss Tom.
Besen a Tomás.,Kiss Tom.
Déjalo.,Leave it.
Déjame.,Leave me.
Déjanos.,Leave us.
Vamos.,Let's go!
¡Órale!,Let's go!
Cuidado.,Look out!
Cásate conmigo.,Marry me.
¿Puedo ir?,May I go?
Salva a Tom.,Save Tom.
Ella vino.,She came.
Ella murió.,She died.
Ella corre.,She runs.
¡Sentate!,Sit down!
Siéntate.,Sit down.
Siéntate aquí.,Sit here.
¡Hable más fuerte!,Speak up!
Habla más fuerte.,Speak up!
¡Habla más alto!,Speak up!
Prepárate.,Stand by.
Un momento.,Stand by.
¡Parate!,Stand up!
¡De pie!,Stand up!
No te muevas.,Stay put.
Detén a Tom.,Stop Tom.
Llévate a Tom.,Take Tom.
Díselo a Tom.,Tell Tom.
¡Genial!,Terrific!
¡Órale!,Terrific!
Ellos ganaron.,They won.
Tom vino.,Tom came.
Tom ha muerto.,Tom died.
Tom se cayó.,Tom fell.
Tom lo sabía.,Tom knew.
Tom tenía constancia de ello.,Tom knew.
Tom se fue.,Tom left.
Tom mintió.,Tom lied.
Tomás miente.,Tom lies.
Tom perdió.,Tom lost.
Tom pagó.,Tom paid.
Tom renunció.,Tom quit.
Tom nadó.,Tom swam.
Tom lloró.,Tom wept.
Tom se ha levantado.,Tom's up.
Demasiado tarde.,Too late.
Confía en mí.,Trust me.
Inténtalo de veras.,Try hard.
Prueba un poco.,Try some.
Pruebe un poco.,Try some.
Prueben un poco.,Try some.
Prueben esto.,Try this.
Probá esto.,Try this.
Prueba esto.,Try this.
Usa esto.,Use this.
Avísale a Tom.,Warn Tom.
Avísele a Tom.,Warn Tom.
Avísenle a Tom.,Warn Tom.
Avisale a Tom.,Warn Tom.
Mírame.,Watch me.
Vigílame.,Watch me.
Obsérvame.,Watch me.
Obsérvalos.,Watch us.
Obsérvanos.,Watch us.
Estamos de acuerdo.,We agree.
Lo intentamos.,We tried.
Iremos.,We'll go.
Estamos bien.,We're OK.
¿Para qué?,What for?
¡Qué divertido!,What fun!
¿Quién soy yo?,Who am I?
¿Quién vino?,Who came?
¿Quién murió?,Who died?
¿Quién se calló?,Who fell?
¿Quién se cayó?,Who fell?
¿Quién se ha ido?,Who quit?
¿Quién lo ha dejado?,Who quit?
¿Quién nadó?,Who swam?
¿Quién es él?,Who's he?
Escríbeme.,Write me.
Después de ti.,After you.
Tú primero.,After you.
Usted primero.,After you.
Después de usted.,After you.
Después de vosotras.,After you.
Apunta. ¡Fuego!,Aim. Fire!
Respóndeme.,Answer me.
Respondedme.,Answer me.
Respóndanme.,Answer me.
Los pájaros vuelan.,Birds fly.
Jesús.,Bless you.
¡Llama a casa!,Call home!
Cálmate.,Calm down.
Tranquilízate.,Calm down.
Tomátelo con soda.,Calm down.
Bajá un cambio.,Calm down.
¿Podemos ir?,Can we go?
¿Podemos irnos?,Can we go?
¿Podemos marcharnos?,Can we go?
¡Atrápelo a Tomás!,Catch Tom.
Captúralo.,Catch him.
Captúrenlo.,Catch him.
Atrápenlo.,Catch him.
Atrápalo.,Catch him.
Vuelve.,Come back.
Vení.,Come here.
Ven.,Come here.
Venid aquí.,Come here.
Ven a casa.,Come home.
Venid aquí.,Come over.
Vente.,Come over.
Veníos.,Come over.
Venga aquí.,Come over.
Vuelve pronto.,Come soon.
Hazlo ahora.,Do it now.
Los perros ladran.,Dogs bark.
No preguntes.,Don't ask.
No llores.,Don't cry.
¡No llorés!,Don't cry.
¡No llores!,Don't cry.
No lloren.,Don't cry.
No mintáis.,Don't lie.
No corras.,Don't run.
¡Fantástico!,Fantastic!
¡Es estupendo!,Fantastic!
¡Órale!,Fantastic!
Tienta esto.,Feel this.
Tiente esto.,Feel this.
Tienten esto.,Feel this.
Tentad esto.,Feel this.
Tentá esto.,Feel this.
Sígueme.,Follow me.
Seguidme.,Follow me.
Síguenos.,Follow us.
Déjalo.,Forget it.
Olvídame.,Forget me.
Olvídate de mí.,Forget me.
Olvídenme.,Forget me.
Olvídense de mí.,Forget me.
Preparaos.,Get ready.
Ve a por ello.,Go for it.
Ve a cogerlo.,Go for it.
Ve a por ello.,Go get it.
Vete a por ello.,Go get it.
Id a por ello.,Go get it.
Entra.,Go inside.
Vete a la cama.,Go to bed.
Cógelo.,Grab that.
Agarra esto.,Grab this.
Coge alguno.,Have some.
Toma algo.,Have some.
Tome alguno.,Have some.
Él es viejo.,He is old.
Él es anciano.,He is old.
Él se afeitó.,He shaved.
Sonrió.,He smiled.
Él es DJ.,He's a DJ.
Él es veloz.,He's fast.
Él es bueno.,He's good.
Él es rico.,He's rich.
Es rico.,He's rich.
Acá estoy.,Here I am.
Sostén esto.,Hold this.
¡Qué horror!,How awful!
¡Qué raro!,How weird!
¿Cómo está Tom?,How's Tom?
Divierte a Tom.,Humor Tom.
Estoy ocupada.,I am busy.
Estoy lleno.,I am full.
Estoy llena.,I am full.
Soy bueno.,I am good.
Estoy aquí.,I am here.
Estoy enferma.,I am sick.
Estoy débil.,I am weak.
Te lo ruego.,I beg you.
Te lo suplico.,I beg you.
Puedo volar.,I can fly.
Puedo correr.,I can run.
Sé correr.,I can run.
Sé esquiar.,I can ski.
Sentí vergüenza.,I cringed.
Perdí la consciencia.,I fainted.
Quedé inconsciente.,I fainted.
Lo dejé.,I gave up.
Me rendí.,I gave up.
Tiré la toalla.,I gave up.
Cedí.,I gave up.
Te entiendo.,I get you.
Te pillo.,I get you.
Ya te pillo.,I get you.
Me dieron.,I got hit.
Me alcanzaron.,I got hit.
Lo odio.,I hate it.
Me la seca.,I hate it.
Me la baja.,I hate it.
Golpeo a Tom.,I hit Tom.
Eso espero.,I hope so.
Lo sabía.,I knew it.
Me reí.,I laughed.
Me gusta.,I like it.
¡Lo adoro!,I love it!
Me encanta.,I love it.
Hablo en serio.,I mean it!
Lo digo en serio.,I mean it.
Hablo en serio.,I mean it.
Lo echo en falta.,I miss it.
Lo echo de menos.,I miss it.
Lo añoro.,I miss it.
Lo necesito.,I need it.
Vi a Tom.,I saw Tom.
Le vi.,I saw him.
Lo vi.,I saw him.
Vi uno.,I saw one.
Vi a uno.,I saw one.
Veía a uno.,I saw one.
Te vi.,I saw you.
Te he visto.,I saw you.
Veo a Tom.,I see Tom.
Me tropecé.,I tripped.
Yo cocinaré.,I'll cook.
Yo guisaré.,I'll cook.
Viviré.,I'll live.
Cantaré.,I'll sing.
Pararé.,I'll stop.
Lo dejaré.,I'll stop.
Esperaré.,I'll wait.
Aguardaré.,I'll wait.
Caminaré.,I'll walk.
Andaré.,I'll walk.
Voy a trabajar.,I'll work.
Soy un hombre.,I'm a man.
Soy un pro.,I'm a pro.
Estoy solo.,I'm alone.
Estoy sola.,I'm alone.
Yo estoy solo.,I'm alone.
Yo estoy sola.,I'm alone.
Estoy enojado.,I'm angry.
Estoy enojada.,I'm angry.
Estoy despierto.,I'm awake.
Soy ciega.,I'm blind.
Estoy sin dinero.,I'm broke.
Estoy quebrado.,I'm broke.
Estoy sin blanca.,I'm broke.
No tengo blanca.,I'm broke.
Estoy loco.,I'm crazy.
Estoy borracho.,I'm drunk.
Estoy tomada.,I'm drunk.
Estoy prendida.,I'm drunk.
Me estoy muriendo.,I'm dying.
Soy el primero.,I'm first.
Voy el primero.,I'm first.
Me toca primero.,I'm first.
Yo voy primero.,I'm first.
Soy feliz.,I'm happy.
Estoy feliz.,I'm happy.
Soy amado.,I'm loved.
Soy amada.,I'm loved.
Soy obeso.,I'm obese.
Estoy listo.,I'm ready.
Lo siento.,I'm sorry.
Yo estoy cansado.,I'm tired.
Yo estoy cansada.,I'm tired.
Soy tuyo.,I'm yours.
Soy tuya.,I'm yours.
Soy suyo.,I'm yours.
He perdido.,I've lost.
Ólvidalo.,Ignore it.
No hagas caso.,Ignore it.
¿Está bien Tom?,Is Tom OK?
¿Está Tom?,Is Tom in?
¿Es grave?,Is it bad?
¿Es malo?,Is it bad?
¿Está lejos?,Is it far?
¿Eres tú?,Is it you?
Se quemó.,It burned.
No lo consiguió.,It failed.
Falló.,It failed.
Fracasó.,It failed.
Es nuevo.,It is new.
Llovió.,It rained.
Nevó.,It snowed.
Apesta.,It stinks.
Funcionó.,It worked.
Son las tres y diez.,It's 3:10.
Son las 8:30.,It's 8:30.
Es un televisor.,It's a TV.
Hace frío.,It's cold.
Está frío.,It's cold.
Está frío.,It's cool.
Está fresco.,It's cool.
Está oscuro.,It's dark.
¡Está listo!,It's done!
Está perfecto.,It's fine.
Está bien.,It's good.
Es bueno.,It's good.
Está aquí.,It's here.
Es de ella.,It's hers.
Es tarde.,It's late.
Es mío.,It's mine.
Es mía.,It's mine.
Es agradable.,It's nice.
Hace buen tiempo.,It's nice.
Vale.,It's okay.
Está bien.,It's okay.
Es nuestro.,It's ours.
Es la nuestra.,It's ours.
Se terminó.,It's over.
Se acabó.,It's over.
Ha llegado el momento.,It's time.
Es la hora.,It's time.
Es el momento.,It's time.
Ha llegado la hora.,It's time.
¡Es verdad!,It's true!
Es verdad.,It's true.
Es mi trabajo.,It's work.
Guárdalos.,Keep them.
Quédatelos.,Keep them.
Guárdenselos.,Keep them.
Guarda esto.,Keep this.
Guarde esto.,Keep this.
Guardá esto.,Keep this.
Guardad esto.,Keep this.
Guarden esto.,Keep this.
Mantente caliente.,Keep warm.
Manténgase caliente.,Keep warm.
Mantenete caliente.,Keep warm.
Mantenete abrigado.,Keep warm.
Mantente abrigado.,Keep warm.
Manténgase abrigado.,Keep warm.
Manténganse calientes.,Keep warm.
Manténganse abrigados.,Keep warm.
Dejalo a Tomás.,Leave Tom.
Déjalo a Tomás.,Leave Tom.
Déjelo a Tomás.,Leave Tom.
Ahora márchate.,Leave now.
Ahora vete.,Leave now.
Ahora lárgate.,Leave now.
¡Déjame marchar!,Let me go!
¡Suéltame!,Let me go!
¡Déjeme ir!,Let me go!
¡Déjeme ir!,Let me go.
Déjame entrar.,Let me in.
Déjeme entrar.,Let me in.
Déjanos entrar.,Let us in.
Comamos.,Let's eat.
Veamos.,Let's see.
¡Intentémoslo!,Let's try!
Túmbate en silencio.,Lie still.
Mantente quieto en el suelo.,Lie still.
Escuchá.,Listen up.
Mirá para otro lado.,Look away.
Mira para otro lado.,Look away.
Mire para otro lado.,Look away.
Miren para otro lado.,Look away.
¡Mira hacia atrás!,Look back!
Mira atrás.,Look back.
Mire atrás.,Look back.
Mirad atrás.,Look back.
Mira aquí.,Look here.
Mirad aquí.,Look here.
Miren aquí.,Look here.
Aflójalo.,Loosen it.
Suéltalo.,Loosen it.
Suéltala.,Loosen it.
Aflójala.,Loosen it.
Hazte a un lado.,Move over.
Deja sitio.,Move over.
Mueve el culo.,Move over.
Deja pasar.,Move over.
¡Buen tiro!,Nice shot!
¡Por supuesto!,Of course!
¡Disparad!,Open fire!
¡Fuego a discreción!,Open fire!
¿Perdona?,Pardon me?
"Por favor, ve.",Please go.
"Por favor, vete.",Please go.
"Por favor, márchate.",Please go.
"Por favor, váyase.",Please go.
Póntelo.,Put it on.
Póngaselo.,Put it on.
Lee esto.,Read this.
Lea esto.,Read this.
Lean esto.,Read this.
Leed esto.,Read this.
Decí hola.,Say hello.
A mí que me registren.,Search me.
Véase arriba.,See above.
Véase más arriba.,See above.
¡A por él!,Seize him!
¡Cogedlo!,Seize him!
¡Arrestadlo!,Seize him!
¡Prendedlo!,Seize him!
¡Capturadlo!,Seize him!
¿En serio?,Seriously?
Ella lo intentó.,She tried.
Ella lo probó.,She tried.
Ella anda.,She walks.
Ella camina.,She walks.
Anda.,She walks.
Ella es candente.,She's hot.
Está como un tren.,She's hot.
Está de toma pan y moja.,She's hot.
Está buena.,She's hot.
Está que cruje.,She's hot.
Firme aquí.,Sign here.
Firma esto.,Sign this.
Firme esto.,Sign this.
Firmen esto.,Sign this.
Firmá esto.,Sign this.
Firmad esto.,Sign this.
Siéntate y no te muevas.,Sit still.
Siéntate y quédate quieto.,Sit still.
Sentate ahí.,Sit there.
Tú mantente.,Sit tight.
Quieto.,Slow down.
Más despacio.,Slow down.
Fuera.,Stay away.
Aléjate.,Stay away.
Mantén la calma.,Stay calm.
Mantené la calma.,Stay calm.
Quedate acá.,Stay here.
Da un paso atrás.,Step back.
Para aquí.,Stop here.
Párate aquí.,Stop here.
Detente aquí.,Stop here.
Deténgase aquí.,Stop here.
Deténganse aquí.,Stop here.
Paraos aquí.,Stop here.
Parad aquí.,Stop here.
Para eso.,Stop that.
Deténlos.,Stop them.
Párales.,Stop them.
¡Cuidate!,Take care!
¡Te cuidas!,Take care!
Cuídate.,Take care.
Cuidaos.,Take care.
Coge el mío.,Take mine.
Toma el mío.,Take mine.
Asume el mando.,Take over.
Toma el control.,Take over.
Encárgate tú.,Take over.
Toma esto.,Take this.
Tome esto.,Take this.
Tomen esto.,Take this.
Tomá esto.,Take this.
¡Gracias!,Thank you.
Gracias a ti.,Thank you.
Gracias.,Thank you.
Eso es.,That's it.
Soy yo.,That's me.
Ese soy yo.,That's me.
¿Entonces qué?,Then what?
Cayeron.,They fell.
Se fueron.,They left.
Se marcharon.,They left.
Se iban.,They left.
Perdieron.,They lost.
Tom se inclinó.,Tom bowed.
Tom se preocupó.,Tom cared.
Tom se preocupaba.,Tom cared.
A Tom le importaba.,Tom cared.
Tom se preocupa.,Tom cares.
A Tom le importa.,Tom cares.
Tom lloró.,Tom cried.
Tom dormitó.,Tom dozed.
Tomás condujo.,Tom drove.
Tom está bien.,Tom is OK.
Tom está dentro.,Tom is in.
Tom está levantado.,Tom is up.
Tom teje.,Tom knits.
Tom sabe.,Tom knows.
Tom se mudó.,Tom moved.
Tom se movió.,Tom moved.
Tom se mece.,Tom rocks.
Tom se quedó.,Tom stood.
Tom nada.,Tom swims.
Tom juró.,Tom swore.
Tomás lo intentó.,Tom tried.
Tomás lo intenta.,Tom tries.
Tomás votó.,Tom voted.
Tom camina.,Tom walks.
Tom saludó.,Tom waved.
Tomás trabaja.,Tom works.
Tom irá.,Tom'll go.
Tom está gordo.,Tom's fat.
Tom está loco.,Tom's mad.
Tom está triste.,Tom's sad.
Tom es tímido.,Tom's shy.
Confía en Tom.,Trust Tom.
Inténtalo de nuevo.,Try again.
Intentadlo otra vez.,Try again.
Intenta otra vez.,Try again.
Pruébatelo.,Try it on.
Espera aquí.,Wait here.
Aguarda aquí.,Wait here.
Esperen aquí.,Wait here.
Esperad aquí.,Wait here.
Vigila a Tom.,Watch Tom.
¡Abusado!,Watch out!
Podemos ir.,We can go.
Podemos irnos.,We can go.
Nos podemos marchar.,We can go.
Fallamos.,We failed.
Hemos fallado.,We failed.
Nos olvidamos.,We forgot.
Lo vimos.,We saw it.
Lo veíamos.,We saw it.
Conversamos.,We talked.
Nosotros esperamos.,We waited.
Después veremos.,We'll see.
Ya veremos.,We'll see.
Lo intentaremos.,We'll try.
¡Hemos ganado!,We've won!
¿Qué hay?,What's up?
¿A quién le importa?,Who cares?
¿Quién es él?,Who is he?
¿Quién es?,Who is it?
Aabe...,Who knows?
¿Quién se quedó?,Who stood?
¿Quién irá?,Who'll go?
¿Quién es Tom?,Who's Tom?
Escribe a Tom.,Write Tom.
Tú maneja.,You drive.
Tú empieza.,You start.
Lo intentaste.,You tried.
Tú estás perfectamente.,You're OK.
Estás perfectamente.,You're OK.
Más alto.,Aim higher.
Apuntad más alto.,Aim higher.
¡Todos a bordo!,All aboard!
¿Tengo razón?,Am I right?
¿Me equivoco?,Am I wrong?
¿Estoy equivocada?,Am I wrong?
¡Respóndale a Tomás!,Answer Tom.
¡Respondele a Tomás!,Answer Tom.
¡Respóndanle a Tomás!,Answer Tom.
¿Tienes dieciocho?,Are you 18?
¿Has cumplido dieciocho?,Are you 18?
¿Estás bien?,Are you OK?
¿Te apuntas?,Are you in?
¿Estás dentro?,Are you in?
¿Estás levantado?,Are you up?
Pregúntale a cualquiera.,Ask anyone.
Preguntadle a cualquiera.,Ask anyone.
Pregúntele a cualquiera.,Ask anyone.
Pregúntenle a cualquiera.,Ask anyone.
Pregunta por aquí.,Ask around.
Pregunta en los alrededores.,Ask around.
¡Ten cuidado!,Be careful.
¡Sé cuidadoso!,Be careful.
Estate contento.,Be content.
Llega a tiempo.,Be on time.
Llegue a tiempo.,Be on time.
Sea paciente.,Be patient.
Sé serio.,Be serious.
Los pájaros cantan.,Birds sing.
Los pájaros están cantando.,Birds sing.
Traed comida.,Bring food.
Traed ayuda.,Bring help.
Trae vino.,Bring wine.
¿Puedo ir?,Can I come?
¿Puedo venir?,Can I come?
¿Puedo acercarme?,Can I come?
¿Puedo ayudar?,Can I help?
¿Me puedo quedar?,Can I stay?
Lleva esto.,Carry this.
Comprobad eso.,Check that.
Comprueba esto.,Check this.
Escoge uno.,Choose one.
Vuelve otra vez.,Come again.
Ven solo.,Come alone.
Vente.,Come along.
Vénganse.,Come along.
Vení temprano.,Come early.
Ven temprano.,Come early.
Vengan temprano.,Come early.
Venga temprano.,Come early.
¡Pásale!,Come on in!
¡Pásele!,Come on in!
¡Pásenle!,Come on in!
Entre.,Come on in.
Pase.,Come on in.
¡Ven rápido!,Come quick!
¡Vení rápido!,Come quick!
Ven a mí.,Come to me.
Venid a mí.,Come to me.
Ven a nosotros.,Come to us.
Venid a nosotros.,Come to us.
¡Ya párale!,Cut it out!
¿Fue Tom?,Did Tom go?
¡Pásale!,Do come in!
¡Pásele!,Do come in!
¡Pásenle!,Do come in!
Pasa adentro.,Do come in.
Entra de una vez.,Do come in.
Entra ya.,Do come in.
Métete dentro.,Do come in.
¿Los hombres lloran?,Do men cry?
No vengas.,Don't come.
¡No saltéis!,Don't jump!
No miréis.,Don't look.
¡No os mováis!,Don't move!
No te muevas.,Don't move.
No se mueva.,Don't move.
No se muevan.,Don't move.
No cantes.,Don't sing.
No canten.,Don't sing.
No pares.,Don't stop.
¡No hables!,Don't talk!
No hables.,Don't talk.
¡No esperes!,Don't wait.
¡No esperen!,Don't wait.
No esperes.,Don't wait.
No grites.,Don't yell.
Come despacio.,Eat slowly.
¡Comé despacio!,Eat slowly.
El fuego quema.,Fire burns.
Seguilo a Tomás.,Follow Tom.
Síguelo a Tomás.,Follow Tom.
Sígalo a Tomás.,Follow Tom.
Síganlo a Tomás.,Follow Tom.
Síguele.,Follow him.
Síguelo.,Follow him.
Olvidate de Tomás.,Forget Tom.
Olvídate de Tomás.,Forget Tom.
Olvídese de Tomás.,Forget Tom.
Olvídenlo.,Forget him.
Perdónanos.,Forgive us.
Perdónenos.,Forgive us.
Consíguete una vida.,Get a life.
Entra.,Get inside.
Vete a la cama.,Get to bed.
Déjalo.,Give it up.
Vete a casa.,Go on home.
Váyase a casa.,Go on home.
Ve a ver a Tom.,Go see Tom.
Andá a trabajar.,Go to work.
Dios existe.,God exists.
Ten fe.,Have faith.
Tened fe.,Have faith.
Tengan fe.,Have faith.
Confíen.,Have faith.
Él salió a comer.,He ate out.
Tosió.,He coughed.
Él se rindió.,He gave in.
Se rindió.,He gave up.
Lo dejó.,He gave up.
Cedió.,He gave up.
Tiró la toalla.,He gave up.
Descolgó.,He hung up.
Él cogió el teléfono.,He hung up.